{
	"format_version": "1.8.0",
	"animations": {
		"slam_3": {
			"animation_length": 1.75,
			"bones": {
				"torso": {
					"rotation": {
						"0.0": {
							"vector": [0, 0, 0]
						},
						"0.5": {
							"vector": [-10, 0, 0],
							"easing": "easeInExpo"
						},
						"0.6667": {
							"vector": [-20, 0, 0],
							"easing": "easeInSine"
						},
						"1.0": {
							"vector": [42.5, 0, 0],
							"easing": "easeInElastic",
							"easingArgs": [0.2]
						},
						"1.25": {
							"vector": [42.5, 0, 0],
							"easing": "easeInElastic",
							"easingArgs": [0.2]
						},
						"1.75": {
							"vector": [0, 0, 0]
						}
					}
				},
				"rightArm": {
					"rotation": {
						"0.0": {
							"vector": [-117.90087, -32.83097, -28.3414]
						},
						"0.5": {
							"vector": [-165.97119, -13.91459, 37.45564],
							"easing": "easeInBack"
						},
						"0.6667": {
							"vector": [-165.97119, -13.91459, 37.45564],
							"easing": "easeInBack"
						},
						"1.0": {
							"vector": [-30.6015, -28.57191, -34.97845]
						},
						"1.25": {
							"vector": [-30.6015, -28.57191, -34.97845]
						},
						"1.75": {
							"vector": [-117.90087, -32.83097, -28.3414]
						}
					},
					"position": {
						"0.0": {
							"vector": [0, 0, 0]
						},
						"0.5": {
							"vector": [0, 5, 0],
							"easing": "easeInBack"
						},
						"0.6667": {
							"vector": [0, 5, 0],
							"easing": "easeInBack"
						},
						"1.0": {
							"vector": [0, 0, 0],
							"easing": "easeInBack"
						},
						"1.25": {
							"vector": [0, 0, 0],
							"easing": "easeInBack"
						},
						"1.75": {
							"vector": [0, 0, 0]
						}
					}
				},
				"leftArm": {
					"rotation": {
						"0.0": {
							"vector": [-134.09381, 48.42583, -35.93461]
						},
						"0.5": {
							"vector": [-163.14626, 19.9288, -41.10874],
							"easing": "easeInBack"
						},
						"0.6667": {
							"vector": [-163.14626, 19.9288, -41.10874],
							"easing": "easeInBack"
						},
						"1.0": {
							"vector": [-75.37772, 57.42287, -22.80034]
						},
						"1.25": {
							"vector": [-75.37772, 57.42287, -22.80034]
						},
						"1.75": {
							"vector": [-134.09381, 48.42583, -35.93461]
						}
					},
					"position": {
						"0.0": {
							"vector": [0, 0, 0]
						},
						"0.5": {
							"vector": [0, 5, 0],
							"easing": "easeInBack"
						},
						"0.6667": {
							"vector": [0, 5, 0],
							"easing": "easeInBack"
						},
						"1.0": {
							"vector": [0, 0, 0],
							"easing": "easeInBack"
						},
						"1.25": {
							"vector": [0, 0, 0],
							"easing": "easeInBack"
						},
						"1.75": {
							"vector": [0, 0, 0]
						}
					}
				},
				"rightLeg": {
					"rotation": {
						"0.0": {
							"vector": [0, 0, 0]
						},
						"0.5": {
							"vector": [-46.19714, 10.54794, 14.04397],
							"easing": "easeInCirc"
						},
						"0.6667": {
							"vector": [-46.19714, 10.54794, 14.04397],
							"easing": "easeInCirc"
						},
						"1.0": {
							"vector": [18.80286, 10.54794, 14.04397],
							"easing": "easeInBack"
						},
						"1.25": {
							"vector": [18.80286, 10.54794, 14.04397],
							"easing": "easeInBack"
						},
						"1.75": {
							"vector": [0, 0, 0]
						}
					}
				}
			}
		}
	},
	"geckolib_format_version": 2
}