{
	"format_version": "1.8.0",
	"animations": {
		"grab": {
			"animation_length": 3,
			"bones": {
				"v1": {
					"position": {
						"0.0": {
							"vector": [0, 69, 0]
						},
						"1.0": {
							"vector": [0, 38, 0],
							"easing": "easeInBack"
						},
						"1.3333": {
							"vector": [0, 38, 0],
							"easing": "easeInBack"
						},
						"1.75": {
							"vector": [0, 38, 0],
							"easing": "easeInBack"
						},
						"3.0": {
							"vector": [0, 71, 0],
							"easing": "easeInExpo"
						}
					}
				},
				"v2": {
					"rotation": {
						"0.0": [0, 0, 0],
						"0.0833": [-0.0486, 0, 0],
						"0.1667": [-0.35689, 0, 0],
						"0.25": [-0.95733, 0, 0],
						"0.3333": [-1.53073, 0, 0],
						"0.4167": [-1.63564, 0, 0],
						"0.5": [-0.91727, 0, 0],
						"0.5833": [0, 0, 0],
						"0.6667": [0.00002, 0, 0],
						"0.75": [0, 0, 0],
						"0.8333": [0.00012, 0, 0],
						"0.9167": [0.13735, 0, 0],
						"1.0": [4.34193, 0, 0],
						"1.0833": [8.97712, 0, 0],
						"1.1667": [8.90932, 0, 0],
						"1.25": [9.72796, 0, 0],
						"1.3333": [12.77605, 0, 0],
						"1.4167": [12.77605, 0, 0],
						"1.5": [12.77605, 0, 0],
						"1.5833": [12.77605, 0, 0],
						"1.6667": [12.77605, 0, 0],
						"1.75": [12.77605, 0, 0],
						"1.8333": [12.76588, 0, 0],
						"1.9167": [12.45712, 0, 0],
						"2.0": [11.18002, 0, 0],
						"2.0833": [8.33382, 0, 0],
						"2.1667": [5.492, 0, 0],
						"2.25": [10.44217, 0, 0],
						"2.3333": [10.44762, 0, 0],
						"2.4167": [10.46474, 0, 0],
						"2.5": [10.46594, 0, 0],
						"2.5833": [10.41319, 0, 0],
						"2.6667": [10.21839, 0, 0],
						"2.75": [9.69304, 0, 0],
						"2.8333": [8.45477, 0, 0],
						"2.9167": [5.74031, 0, 0],
						"3.0": [0, 0, 0]
					}
				},
				"v3": {
					"rotation": {
						"0.0": [0, 0, 0],
						"0.0833": [-0.01262, 0, 0],
						"0.1667": [-0.04453, 0, 0],
						"0.25": [-0.0689, 0, 0],
						"0.3333": [-0.08319, 0, 0],
						"0.4167": [-0.09903, 0, 0],
						"0.5": [-0.11223, 0, 0],
						"0.5833": [0, 0, 0],
						"0.6667": [-0.00011, 0, 0],
						"0.75": [0, 0, 0],
						"0.8333": [0.00033, 0, 0],
						"0.9167": [0.11213, 0, 0],
						"1.0": [1.30963, 0, 0],
						"1.0833": [1.40925, 0, 0],
						"1.1667": [1.40262, 0, 0],
						"1.25": [1.47924, 0, 0],
						"1.3333": [1.70972, 0, 0],
						"1.4167": [1.70972, 0, 0],
						"1.5": [1.70972, 0, 0],
						"1.5833": [1.70972, 0, 0],
						"1.6667": [1.70972, 0, 0],
						"1.75": [1.70972, 0, 0],
						"1.8333": [1.70783, 0, 0],
						"1.9167": [1.68888, 0, 0],
						"2.0": [1.60506, 0, 0],
						"2.0833": [1.3697, 0, 0],
						"2.1667": [0.98911, 0, 0],
						"2.25": [0.06636, 0, 0],
						"2.3333": [0.06336, 0, 0],
						"2.4167": [0.0587, 0, 0],
						"2.5": [0.05214, 0, 0],
						"2.5833": [0.04346, 0, 0],
						"2.6667": [0.03296, 0, 0],
						"2.75": [0.02175, 0, 0],
						"2.8333": [0.01165, 0, 0],
						"2.9167": [0.00418, 0, 0],
						"3.0": [0, 0, 0]
					}
				},
				"v4": {
					"rotation": {
						"0.0": [0, 0, 0],
						"0.0833": [-0.02635, 0, 0],
						"0.1667": [-0.0885, 0, 0],
						"0.25": [-0.13468, 0, 0],
						"0.3333": [-0.16184, 0, 0],
						"0.4167": [-0.19296, 0, 0],
						"0.5": [-0.22288, 0, 0],
						"0.5833": [0, 0, 0],
						"0.6667": [0.00046, 0, 0],
						"0.75": [0, 0, 0],
						"0.8333": [0.00159, 0, 0],
						"0.9167": [0.31485, 0, 0],
						"1.0": [2.92042, 0, 0],
						"1.0833": [2.90934, 0, 0],
						"1.1667": [2.89642, 0, 0],
						"1.25": [3.04482, 0, 0],
						"1.3333": [3.47927, 0, 0],
						"1.4167": [3.47927, 0, 0],
						"1.5": [3.47927, 0, 0],
						"1.5833": [3.47927, 0, 0],
						"1.6667": [3.47927, 0, 0],
						"1.75": [3.47927, 0, 0],
						"1.8333": [3.47543, 0, 0],
						"1.9167": [3.44071, 0, 0],
						"2.0": [3.28608, 0, 0],
						"2.0833": [2.83907, 0, 0],
						"2.1667": [2.05739, 0, 0],
						"2.25": [0.12823, 0, 0],
						"2.3333": [0.12245, 0, 0],
						"2.4167": [0.11345, 0, 0],
						"2.5": [0.10079, 0, 0],
						"2.5833": [0.08403, 0, 0],
						"2.6667": [0.06373, 0, 0],
						"2.75": [0.04209, 0, 0],
						"2.8333": [0.02256, 0, 0],
						"2.9167": [0.00809, 0, 0],
						"3.0": [0, 0, 0]
					}
				},
				"v5": {
					"rotation": {
						"0.0": [0, 0, 0],
						"0.0833": [-0.04186, 0, 0],
						"0.1667": [-0.13072, 0, 0],
						"0.25": [-0.19391, 0, 0],
						"0.3333": [-0.23133, 0, 0],
						"0.4167": [-0.27647, 0, 0],
						"0.5": [-0.32874, 0, 0],
						"0.5833": [-0.00003, 0, 0],
						"0.6667": [-0.00189, 0, 0],
						"0.75": [0, 0, 0],
						"0.8333": [0.00735, 0, 0],
						"0.9167": [0.76891, 0, 0],
						"1.0": [5.11088, 0, 0],
						"1.0833": [4.54975, 0, 0],
						"1.1667": [4.53149, 0, 0],
						"1.25": [4.73919, 0, 0],
						"1.3333": [5.31825, 0, 0],
						"1.4167": [5.31825, 0, 0],
						"1.5": [5.31825, 0, 0],
						"1.5833": [5.31825, 0, 0],
						"1.6667": [5.31825, 0, 0],
						"1.75": [5.31825, 0, 0],
						"1.8333": [5.31243, 0, 0],
						"1.9167": [5.26863, 0, 0],
						"2.0": [5.07093, 0, 0],
						"2.0833": [4.46734, 0, 0],
						"2.1667": [3.2567, 0, 0],
						"2.25": [0.18142, 0, 0],
						"2.3333": [0.17325, 0, 0],
						"2.4167": [0.16054, 0, 0],
						"2.5": [0.14266, 0, 0],
						"2.5833": [0.11898, 0, 0],
						"2.6667": [0.09029, 0, 0],
						"2.75": [0.05967, 0, 0],
						"2.8333": [0.03202, 0, 0],
						"2.9167": [0.01149, 0, 0],
						"3.0": [0, 0, 0]
					}
				},
				"locator": {
					"rotation": {
						"vector": [-37.5, 0, 0]
					}
				},
				"v6": {
					"rotation": {
						"0.0": [0, 0, 0],
						"0.0833": [-0.05894, 0, 0],
						"0.1667": [-0.16882, 0, 0],
						"0.25": [-0.24272, 0, 0],
						"0.3333": [-0.28695, 0, 0],
						"0.4167": [-0.34396, 0, 0],
						"0.5": [-0.42387, 0, 0],
						"0.5833": [-0.00017, 0, 0],
						"0.6667": [0.00775, 0, 0],
						"0.75": [0, 0, 0],
						"0.8333": [0.03384, 0, 0],
						"0.9167": [1.82024, 0, 0],
						"1.0": [8.03091, 0, 0],
						"1.0833": [6.29071, 0, 0],
						"1.1667": [6.26901, 0, 0],
						"1.25": [6.51191, 0, 0],
						"1.3333": [7.13759, 0, 0],
						"1.4167": [7.13759, 0, 0],
						"1.5": [7.13759, 0, 0],
						"1.5833": [7.13759, 0, 0],
						"1.6667": [7.13759, 0, 0],
						"1.75": [7.13759, 0, 0],
						"1.8333": [7.12999, 0, 0],
						"1.9167": [7.08717, 0, 0],
						"2.0": [6.8892, 0, 0],
						"2.0833": [6.22437, 0, 0],
						"2.1667": [4.5781, 0, 0],
						"2.25": [0.22232, 0, 0],
						"2.3333": [0.21233, 0, 0],
						"2.4167": [0.1968, 0, 0],
						"2.5": [0.17494, 0, 0],
						"2.5833": [0.14598, 0, 0],
						"2.6667": [0.11087, 0, 0],
						"2.75": [0.07335, 0, 0],
						"2.8333": [0.03942, 0, 0],
						"2.9167": [0.01418, 0, 0],
						"3.0": [0, 0, 0]
					}
				},
				"v7": {
					"rotation": {
						"0.0": [0, 0, 0],
						"0.0833": [-0.07611, 0, 0],
						"0.1667": [-0.19922, 0, 0],
						"0.25": [-0.2769, 0, 0],
						"0.3333": [-0.32415, 0, 0],
						"0.4167": [-0.38981, 0, 0],
						"0.5": [-0.49927, 0, 0],
						"0.5833": [-0.00106, 0, 0],
						"0.6667": [-0.03173, 0, 0],
						"0.75": [0, 0, 0],
						"0.8333": [0.15574, 0, 0],
						"0.9167": [4.19727, 0, 0],
						"1.0": [11.45745, 0, 0],
						"1.0833": [7.958, 0, 0],
						"1.1667": [7.9359, 0, 0],
						"1.25": [8.17713, 0, 0],
						"1.3333": [8.72174, 0, 0],
						"1.4167": [8.72174, 0, 0],
						"1.5": [8.72174, 0, 0],
						"1.5833": [8.72174, 0, 0],
						"1.6667": [8.72174, 0, 0],
						"1.75": [8.72174, 0, 0],
						"1.8333": [8.71294, 0, 0],
						"1.9167": [8.68278, 0, 0],
						"2.0": [8.53581, 0, 0],
						"2.0833": [7.94065, 0, 0],
						"2.1667": [5.91414, 0, 0],
						"2.25": [0.24812, 0, 0],
						"2.3333": [0.23702, 0, 0],
						"2.4167": [0.21975, 0, 0],
						"2.5": [0.19544, 0, 0],
						"2.5833": [0.16321, 0, 0],
						"2.6667": [0.1241, 0, 0],
						"2.75": [0.08224, 0, 0],
						"2.8333": [0.04429, 0, 0],
						"2.9167": [0.01597, 0, 0],
						"3.0": [0, 0, 0]
					}
				},
				"v8": {
					"rotation": {
						"0.0": [0, 0, 0],